频道URL,URL数量,节点数量,有效资源质量分
https://t.me/s/AI_News_CN,162,0,0
https://t.me/s/ARv2ray,132,7,0
https://t.me/s/Airport_News,6,0,0
https://t.me/s/Alfred_Config,119,0,0
https://t.me/s/AlienVPN402,144,0,3
https://t.me/s/Baraye_azadi_Info,144,3,0
https://t.me/s/BmFt1,5,0,0
https://t.me/s/Capital_NET,147,46,0
https://t.me/s/Capoit,155,17,0
https://t.me/s/Clash_Config,5,0,0
https://t.me/s/Clash_Node_Share,5,0,0
https://t.me/s/CloudCityy,104,1,0
https://t.me/s/ConfigV2rayNG,96,167,0
https://t.me/s/Configforvpn01,144,5,0
https://t.me/s/ConfigsHUB2,175,19,0
https://t.me/s/DailyV2RY,141,0,0
https://t.me/s/DigiV2ray,149,1,0
https://t.me/s/DirectVPN,127,0,0
https://t.me/s/DocOfCard,5,0,0
https://t.me/s/ELiV2RAY,156,0,0
https://t.me/s/Easy_Free_VPN,131,4,0
https://t.me/s/Eleven_vpn,166,0,0
https://t.me/s/EliV2ray,156,0,0
https://t.me/s/EuServer,48,0,0
https://t.me/s/EzNett,6,0,0
https://t.me/s/FOXNT,136,10,0
https://t.me/s/FProxies,111,0,0
https://t.me/s/FalconPolV2rayNG,131,0,0
https://t.me/s/FreakConfig,151,68,0
https://t.me/s/Free166,216,0,0
https://t.me/s/FreeV2rays,63,0,0
https://t.me/s/FreeVlessVpn,132,0,0
https://t.me/s/Free_Config_Sharing,5,0,0
https://t.me/s/Free_HTTPCustom,120,12,0
https://t.me/s/GetFreeNode,127,0,0
https://t.me/s/Helix_Servers,149,0,0
https://t.me/s/Hope_Net,147,3,0
https://t.me/s/IBV2RAY,18,0,0
https://t.me/s/IP_CF_Config,5,0,0
https://t.me/s/IRANVPNNET,136,0,0
https://t.me/s/Impart_Cloud,177,0,0
https://t.me/s/Jichang_Store,5,0,0
https://t.me/s/JiedianSsr,150,0,0
https://t.me/s/Jsnzk,129,0,0
https://t.me/s/Lockey_vpn,133,17,0
https://t.me/s/MTConfig,15,0,0
https://t.me/s/MrV2Ray,16,0,0
https://t.me/s/MsV2ray,151,0,0
https://t.me/s/NIM_VPN_ir,130,0,0
https://t.me/s/Napsternetvirani,118,5,0
https://t.me/s/NetAccount,116,0,0
https://t.me/s/Newlearner,287,0,0
https://t.me/s/OKAB3_Script_Channel,114,0,12
https://t.me/s/OutlineVpnOfficial,184,0,0
https://t.me/s/Outline_Vpn,192,78,0
https://t.me/s/PPT_f66_zHk2ZDY8,5,0,0
https://t.me/s/Powerful1VPN,6,0,0
https://t.me/s/PrivateVPNs,144,0,0
https://t.me/s/ProxyFn,6,0,0
https://t.me/s/Qv2rayDONATED,5,0,0
https://t.me/s/Qv2raychannel,146,0,0
https://t.me/s/SSRSUB,75,37,10
https://t.me/s/ServerNett,135,0,0
https://t.me/s/ShadowProxy66,141,0,0
https://t.me/s/ShadowsocksRssr,8,0,0
https://t.me/s/ShareCentre,188,0,0
https://t.me/s/ShareCentrePro,293,0,0
https://t.me/s/Shh_Proxy,152,3,0
https://t.me/s/TG_2345,153,0,0
https://t.me/s/TGxChina,5,0,0
https://t.me/s/TLS_v2ray,13,0,0
https://t.me/s/TVCminer,14,0,0
https://t.me/s/UnlimitedDev,119,0,0
https://t.me/s/V2List,239,0,0
https://t.me/s/V2RayTz,24,0,0
https://t.me/s/V2Ray_FreedomIran,5,0,0
https://t.me/s/V2pedia,106,0,0
https://t.me/s/V2rayCollectorDonate,5,0,0
https://t.me/s/V2rayNG3,147,126,0
https://t.me/s/V2rayNGX,157,18,0
https://t.me/s/V2rayNGn,121,1,0
https://t.me/s/V2ray_Alpha,177,8,0
https://t.me/s/V2rayng_Fast,148,59,0
https://t.me/s/VPNCUSTOMIZE,165,0,0
https://t.me/s/VPNOff,5,0,0
https://t.me/s/V_2rayngVpn,113,11,0
https://t.me/s/ViPVpn_v2ray,115,4,0
https://t.me/s/VlessConfig,127,16,0
https://t.me/s/VmessProtocol,118,4,0
https://t.me/s/WeePeeN,189,0,0
https://t.me/s/WomanLifeFreedomVPN,94,0,0
https://t.me/s/YtTe3la,5,0,0
https://t.me/s/ZDYZ2,141,9,0
https://t.me/s/abra_vpn,5,0,0
https://t.me/s/academi_vpn,129,0,0
https://t.me/s/accountplanetir,168,0,0
https://t.me/s/adamak_vpn,112,0,0
https://t.me/s/afv2ray,28,0,0
https://t.me/s/ahe_vpn,5,0,0
https://t.me/s/aifenxiang2020,108,0,0
https://t.me/s/ailumao,184,0,0
https://t.me/s/airproxies,3,0,0
https://t.me/s/aiuvpn,6,0,0
https://t.me/s/alfred_config,119,0,0
https://t.me/s/alienvpn402,144,0,3
https://t.me/s/alismartvpn,112,6,0
https://t.me/s/aliyosgraphy,104,6,0
https://t.me/s/allporter,114,0,0
https://t.me/s/allv2board,181,0,0
https://t.me/s/alo_v2rayng,119,12,0
https://t.me/s/alpha_v2ray_fazayi,17,0,0
https://t.me/s/alphaomegavpn,136,0,0
https://t.me/s/alsheykhvpn,105,18,0
https://t.me/s/amir_rooman,140,16,0
https://t.me/s/amirinventor2010,153,3,0
https://t.me/s/amironetwork,154,0,0
https://t.me/s/an0nymousteam,161,2,2
https://t.me/s/android_best,240,0,0
https://t.me/s/angus_vpn,146,1,0
https://t.me/s/angus_vpn3,40,1,0
https://t.me/s/anix_v2ray,119,6,0
https://t.me/s/anranbp,483,0,0
https://t.me/s/antifilterjadid,5,0,0
https://t.me/s/antifilterjadid3,7,0,0
https://t.me/s/antifilterservice,102,50,0
https://t.me/s/apkgold,166,0,0
https://t.me/s/apkprogramming,5,0,0
https://t.me/s/app_jiedian,5,0,0
https://t.me/s/apple_x1,158,0,0
https://t.me/s/appsooner,111,43,0
https://t.me/s/archive_android,153,24,0
https://t.me/s/argooo_vpn,208,5,0
https://t.me/s/aries_init,6,0,0
https://t.me/s/armod_iran,5,0,0
https://t.me/s/arouxping,76,0,0
https://t.me/s/artemis_vpn_free,124,2,0
https://t.me/s/artemisvpn1,139,0,30
https://t.me/s/arv2ra,104,44,0
https://t.me/s/arv2ray,132,7,0
https://t.me/s/arzhecn,187,0,0
https://t.me/s/asak_vpn,134,0,0
https://t.me/s/asgard_config,5,0,0
https://t.me/s/asintech,156,2,0
https://t.me/s/asjdxm,5,0,0
https://t.me/s/asliveepn,5,0,0
https://t.me/s/asr_proxy,340,2,0
https://t.me/s/astrovpn_ir,124,0,0
https://t.me/s/astrovpn_official,123,0,0
https://t.me/s/av2drup,5,0,0
https://t.me/s/awxdy666,5,0,0
https://t.me/s/axv2ray,104,0,0
https://t.me/s/azad_intrnet,110,26,0
https://t.me/s/azadneit,5,0,0
https://t.me/s/badsha_mohammad,5,0,0
https://t.me/s/baipiao01,147,0,0
https://t.me/s/baipiao_ml,5,0,0
https://t.me/s/baipiaob,18,0,0
https://t.me/s/baipiaojiedian,11,0,0
https://t.me/s/baipiaonote,5,0,0
https://t.me/s/baipiaowansui,5,0,0
https://t.me/s/bakvpns,122,1,0
https://t.me/s/bamboo_vpn,103,0,0
https://t.me/s/bargovpn,121,0,0
https://t.me/s/bemolatext,126,0,0
https://t.me/s/berice_v2,144,17,0
https://t.me/s/bestvpn4030,120,17,0
https://t.me/s/betv2ray,94,0,0
https://t.me/s/bigsmoke_config,141,64,0
https://t.me/s/bimnetvpn,120,6,0
https://t.me/s/birdserver,5,0,0
https://t.me/s/bitnetvpn,184,0,0
https://t.me/s/black8rose,165,2,0
https://t.me/s/blueberrynetwork,137,1,0
https://t.me/s/bluev2rayng,134,2,0
https://t.me/s/bluevpn_v2ray,73,23,0
https://t.me/s/bolbolvpn,5,0,0
https://t.me/s/bored_vpn,135,42,0
https://t.me/s/bpjzx2,130,0,0
https://t.me/s/bright_vpn,5,0,0
https://t.me/s/buffalo_vpn,134,6,0
https://t.me/s/bug_vpn,126,13,0
https://t.me/s/bypass_filter,114,0,0
https://t.me/s/caa_chanel,10,0,0
https://t.me/s/caa_v2ray,143,20,0
https://t.me/s/canguro_english,69,0,0
https://t.me/s/capital_net,147,46,0
https://t.me/s/capoit,155,17,0
https://t.me/s/castom_v2ray,109,5,0
https://t.me/s/catvpns,189,13,0
https://t.me/s/cav2ray,137,11,0
https://t.me/s/ccbaohe,270,0,0
https://t.me/s/cephalon_ala,132,14,0
https://t.me/s/ch_a2l,131,8,0
https://t.me/s/chanel_config,5,0,0
https://t.me/s/changfengchannel,266,0,0
https://t.me/s/chatbuzzteam,94,0,0
https://t.me/s/circle_vpn,19,0,0
https://t.me/s/cisco_acc,155,0,0
https://t.me/s/clash_sub,191,0,0
https://t.me/s/clash_v2ray_ssr_nodes,5,0,0
https://t.me/s/click_vpnn,20,0,0
https://t.me/s/cloudcityy,104,1,0
https://t.me/s/club_vpn9,121,2,0
https://t.me/s/clubvpn443,78,3,0
https://t.me/s/cnfg_v2ray,127,0,0
https://t.me/s/cnfings,5,0,0
https://t.me/s/cod_arshiya0,121,0,0
https://t.me/s/configV2rayForFree,131,6,0
https://t.me/s/configV2rayNG,96,167,0
https://t.me/s/config_station,147,0,0
https://t.me/s/configforvpn,141,5,0
https://t.me/s/configforvpn01,144,5,0
https://t.me/s/configms,151,0,0
https://t.me/s/configpluse,109,4,0
https://t.me/s/configpositive,142,0,0
https://t.me/s/configscenter,91,0,0
https://t.me/s/configshub2,175,19,0
https://t.me/s/configsstore,5,0,0
https://t.me/s/configt,103,0,0
https://t.me/s/configv2rayforfree,131,6,0
https://t.me/s/configv2rayng,96,167,0
https://t.me/s/confing_costume,106,0,0
https://t.me/s/confing_problems,16,0,0
https://t.me/s/confingv2raayng,157,23,0
https://t.me/s/connectix,135,0,0
https://t.me/s/cpuvpn,92,2,0
https://t.me/s/croownvpn,149,0,0
https://t.me/s/custom_14,136,7,0
https://t.me/s/custom_config,111,6,0
https://t.me/s/customizev2ray,164,28,0
https://t.me/s/customv2ray,10,0,0
https://t.me/s/customvpnserver,169,32,0
https://t.me/s/daily_free_nodes,5,0,0
https://t.me/s/dailyv2ray,116,29,0
https://t.me/s/dailyv2ry,141,0,0
https://t.me/s/damonconfig,124,0,0
https://t.me/s/daredevill_404,132,3,0
https://t.me/s/dark_telecom,102,0,0
https://t.me/s/darkma3ter24,5,0,0
https://t.me/s/darknightvpn,6,0,0
https://t.me/s/darksectora,144,0,0
https://t.me/s/darktunnelvip1,135,13,0
https://t.me/s/daryaye_sorkhh,5,0,0
https://t.me/s/dataworld_ir,5,0,0
https://t.me/s/dav2ray,22,0,0
https://t.me/s/deli_servers,114,3,0
https://t.me/s/deragv2ray,189,6,0
https://t.me/s/diamondproxytm,162,7,0
https://t.me/s/digigard_vpn,109,0,0
https://t.me/s/digiv2ray,149,1,0
https://t.me/s/dingyue_Center,190,7,9
https://t.me/s/dingyue_center,190,7,9
https://t.me/s/directvpn,127,0,0
https://t.me/s/disvpn,164,0,16
https://t.me/s/dns68,207,7,7
https://t.me/s/donald_config,154,15,0
https://t.me/s/dr_v2ray,211,18,0
https://t.me/s/dribble7,5,0,0
https://t.me/s/eaglevps,112,0,0
https://t.me/s/easy_free_vpn,131,4,0
https://t.me/s/editorvpn,116,6,0
https://t.me/s/ehsawn8,164,6,0
https://t.me/s/eiiim,145,0,0
https://t.me/s/elitevpnv2,124,10,0
https://t.me/s/eliv2ray,156,0,0
https://t.me/s/energybigger_1,5,0,0
https://t.me/s/esetsecuritylicense,144,0,0
https://t.me/s/euserver,48,0,0
https://t.me/s/ev2rayy,115,1,0
https://t.me/s/evay_vpn,131,8,0
https://t.me/s/everyday_vpn,19,0,0
https://t.me/s/expreset,122,0,0
https://t.me/s/express_v2ray,124,0,0
https://t.me/s/expresspace,5,0,0
https://t.me/s/expressvpn_420,134,11,0
https://t.me/s/falconpolv2rayng,131,0,0
https://t.me/s/falcunargo,15,0,0
https://t.me/s/farahvpn,127,14,0
https://t.me/s/fasst_vpn,134,0,0
https://t.me/s/fast_2ray,130,0,0
https://t.me/s/fast_v2ray,105,0,0
https://t.me/s/fastfilterr,64,0,0
https://t.me/s/fastgozar,6,0,0
https://t.me/s/fazevpn,6,0,0
https://t.me/s/feri_v2ray_proxy,97,5,0
https://t.me/s/fffffx2,165,0,0
https://t.me/s/filter_vpn2,155,0,0
https://t.me/s/filterintl,5,0,0
https://t.me/s/filteroghortbede,5,0,0
https://t.me/s/filtershekan_channel,170,44,0
https://t.me/s/filtershekanssh1,5,0,0
https://t.me/s/filterzapata,5,0,0
https://t.me/s/fire_vpn_channel,141,2,0
https://t.me/s/firewallvpn,25,0,0
https://t.me/s/fix_proxy,11,0,0
https://t.me/s/flash_proxies,134,2,0
https://t.me/s/flystoreir,196,0,0
https://t.me/s/flyv2ray,180,0,0
https://t.me/s/forwardv2ray,7,0,0
https://t.me/s/foxnt,136,10,0
https://t.me/s/frav2ray,5,0,0
https://t.me/s/freakconfig,151,68,0
https://t.me/s/free4allVPN,96,11,0
https://t.me/s/free4allvpn,96,11,0
https://t.me/s/freeVPNjd,176,0,8
https://t.me/s/free_httpcustom,120,12,0
https://t.me/s/free_internet_news,20,0,0
https://t.me/s/free_jichang,5,0,0
https://t.me/s/free_node_daily,5,0,0
https://t.me/s/free_node_sharing,5,0,0
https://t.me/s/free_proxy_001,5,0,0
https://t.me/s/free_proxy_list,68,0,0
https://t.me/s/free_server_list,5,0,0
https://t.me/s/free_shekan,141,44,0
https://t.me/s/free_sub_links,5,0,0
https://t.me/s/free_v2,5,0,0
https://t.me/s/free_v2ray,5,0,0
https://t.me/s/free_v2rayyy,36,0,0
https://t.me/s/free_vpn02,132,16,0
https://t.me/s/free_worlld,43,0,0
https://t.me/s/freeconfing,32,0,0
https://t.me/s/freedatazone1,78,2,0
https://t.me/s/freeinir,5,0,0
https://t.me/s/freeiranet,167,0,0
https://t.me/s/freeiranweb,137,0,0
https://t.me/s/freekankan,241,0,0
https://t.me/s/freeland8,151,0,0
https://t.me/s/freemason6,239,0,0
https://t.me/s/freenapsternetv,143,6,0
https://t.me/s/freenet_for_everyone,110,0,0
https://t.me/s/freenetpro99,122,10,0
https://t.me/s/freenode_all,5,0,0
https://t.me/s/freeownvpn,140,0,0
https://t.me/s/freeshadowsock,102,0,0
https://t.me/s/freestrongvpn,188,8,0
https://t.me/s/freev2flyng,165,18,0
https://t.me/s/freev2rayi,5,0,0
https://t.me/s/freev2raym,106,9,0
https://t.me/s/freev2rays,63,0,0
https://t.me/s/freev2rayssr,9,0,0
https://t.me/s/freevlessvpn,132,0,0
https://t.me/s/freevpn3327,5,0,0
https://t.me/s/freevpnchina,129,0,0
https://t.me/s/freevpnhomesconfigs,184,9,0
https://t.me/s/frev2ray,116,0,0
https://t.me/s/frev2rayng,144,30,0
https://t.me/s/fsv2ray,5,0,0
https://t.me/s/funix_shope,17,0,0
https://t.me/s/fv2ray,121,11,0
https://t.me/s/game_file2020,132,2,0
https://t.me/s/gh_v2rayng,127,1,0
https://t.me/s/ghalagyann,207,0,0
https://t.me/s/ghalagyann2,208,0,0
https://t.me/s/global_net_vpn,23,0,0
https://t.me/s/go4sharing,203,0,3
https://t.me/s/goldd_v2ray,107,0,0
https://t.me/s/golestan_vpn,113,23,0
https://t.me/s/golf_vpn,170,15,0
https://t.me/s/good_v2rayy,103,0,0
https://t.me/s/gozargahvpn,170,6,0
https://t.me/s/gp_proxy_vpn,127,0,0
https://t.me/s/grizzlyvpn,98,2,0
https://t.me/s/gulaiguq_baipiao2,131,0,0
https://t.me/s/hajimamadvpn,168,3,0
https://t.me/s/hajvpn,189,0,0
https://t.me/s/hatunnel_vpn,110,20,0
https://t.me/s/heinuhome,48,0,0
https://t.me/s/helingqi,116,0,0
https://t.me/s/helix_servers,149,0,0
https://t.me/s/hennessypro,183,0,0
https://t.me/s/hermanosvpn,5,0,0
https://t.me/s/hhi_vpn222,5,0,0
https://t.me/s/hilynet,139,0,0
https://t.me/s/hkaa0,271,0,9
https://t.me/s/holderproxy,13,0,0
https://t.me/s/hologate6,173,0,0
https://t.me/s/hooshang_vpn1,126,2,0
https://t.me/s/hope_net,147,3,0
https://t.me/s/hopev2ray,128,11,0
https://t.me/s/hopevpn,130,0,0
https://t.me/s/hosseinstore_za,118,3,0
https://t.me/s/hostloc_pro,151,0,0
https://t.me/s/hpv2ray_official,103,28,0
https://t.me/s/hpv2rayng,31,0,0
https://t.me/s/hypervpn6,5,0,0
https://t.me/s/hypervpns,117,6,0
https://t.me/s/i3v2ray,116,0,0
https://t.me/s/ibv2ray,18,0,0
https://t.me/s/icloudyshop,137,0,0
https://t.me/s/icocoon,210,0,0
https://t.me/s/icv2ray,158,46,0
https://t.me/s/igrsdet,113,0,0
https://t.me/s/inikotesla,149,0,0
https://t.me/s/internet4iran,173,6,0
https://t.me/s/internet_nor,123,3,0
https://t.me/s/iosfulishare,9,0,0
https://t.me/s/ipV2Ray,183,0,0
https://t.me/s/ip_cf_config,5,0,0
https://t.me/s/iphonebax,111,4,0
https://t.me/s/ipv2ray,183,0,0
https://t.me/s/ipv2rayng,9,0,0
https://t.me/s/ir_config_an,5,0,0
https://t.me/s/ir_nekobox,5,0,0
https://t.me/s/iran_access,110,26,0
https://t.me/s/iran_v2ray1,233,26,0
https://t.me/s/iranbaxvpn,174,12,0
https://t.me/s/iranbfilter,23,0,0
https://t.me/s/iraniv2ray,130,8,0
https://t.me/s/iranmedicalvpn,113,3,0
https://t.me/s/iranproxypro,197,11,0
https://t.me/s/iranray_vpn,5,0,0
https://t.me/s/iranv2raynng,5,0,0
https://t.me/s/iranvipnet,98,8,0
https://t.me/s/iranvpnnet,136,0,0
https://t.me/s/irn_vpn,122,0,0
https://t.me/s/irnhackers,115,0,0
https://t.me/s/iroazadi,8,0,0
https://t.me/s/irov2rayn,391,1,0
https://t.me/s/irvpnify,6,0,0
https://t.me/s/iunsw,5,0,0
https://t.me/s/jcvpn,104,0,25
https://t.me/s/jetupnet,139,0,0
https://t.me/s/jichang0,73,0,0
https://t.me/s/jichang_bp,5,0,0
https://t.me/s/jichang_list,164,0,0
https://t.me/s/jichang_report,5,0,0
https://t.me/s/jichangbaipiao,6,0,0
https://t.me/s/jichangtuijian,3,0,0
https://t.me/s/jiedian24,3,0,0
https://t.me/s/jiedian_share,139,0,0
https://t.me/s/jiedianf,42,0,0
https://t.me/s/jiedianssr,150,0,0
https://t.me/s/jiujied,34,0,0
https://t.me/s/jokersfantastichome,3,0,0
https://t.me/s/jokerv2ray,198,18,0
https://t.me/s/justkingoo,3,0,0
https://t.me/s/juzibaipiao,110,0,6
https://t.me/s/kafing_2,110,90,0
https://t.me/s/kesslervpn,100,6,0
https://t.me/s/khadamat_sadra,3,0,0
https://t.me/s/khalaa_vpn,113,2,0
https://t.me/s/kiava,132,90,0
https://t.me/s/kilid_stor,115,2,0
https://t.me/s/kingoclubs,176,25,0
https://t.me/s/kingofilter,130,0,0
https://t.me/s/kingofv2ray,5,0,0
https://t.me/s/kingspeedchanel,135,0,0
https://t.me/s/kralvpn,20,0,0
https://t.me/s/kurd_v2ray,141,32,0
https://t.me/s/kurdistan_vpn_perfectt,5,0,0
https://t.me/s/kurdvpn1,146,34,0
https://t.me/s/kuto_proxy,17,0,0
https://t.me/s/kuto_proxy1,5,0,0
https://t.me/s/kuto_proxy2,134,30,0
https://t.me/s/kxswa,99,0,0
https://t.me/s/lakvpn1,147,8,0
https://t.me/s/lax_vpn,56,1,0
https://t.me/s/legendery_server,15,0,0
https://t.me/s/lepingshop,116,5,0
https://t.me/s/lepingvpn,5,0,0
https://t.me/s/lexa_vpn,31,0,0
https://t.me/s/lightning6,6,0,0
https://t.me/s/lightv2ray,5,0,0
https://t.me/s/likearzonpanell,107,0,0
https://t.me/s/limootuursh,120,8,0
https://t.me/s/linux_do_channel,126,0,0
https://t.me/s/lion_channel_vpn2,5,0,0
https://t.me/s/liq_vpn,165,0,0
https://t.me/s/lockey_vpn,133,17,0
https://t.me/s/lrnbymaa,140,0,0
https://t.me/s/ltscxk,128,0,0
https://t.me/s/m_buy,107,1,0
https://t.me/s/m_vipv2ray,160,24,0
https://t.me/s/mahanvpn,103,0,0
https://t.me/s/mahdiserver,6,0,0
https://t.me/s/mahxray,122,0,0
https://t.me/s/mainv2ray,198,17,0
https://t.me/s/manVPN,181,24,0
https://t.me/s/marketvpni,196,0,0
https://t.me/s/mater_1345,115,2,0
https://t.me/s/matrixnetvvork,5,0,0
https://t.me/s/maxshare,5,0,0
https://t.me/s/maznet,162,1,0
https://t.me/s/mdvpnsec,156,0,0
https://t.me/s/mehrosaboran,133,47,0
https://t.me/s/meli_prooxy,5,0,0
https://t.me/s/meli_proxyy,129,0,0
https://t.me/s/meli_v2rayng,103,32,0
https://t.me/s/melov2ray,118,0,0
https://t.me/s/mester_v2ray,126,32,0
https://t.me/s/mftizi,123,0,0
https://t.me/s/mi_pn_official,139,0,0
https://t.me/s/mianfeifq,49,0,0
https://t.me/s/miaomua,116,0,8
https://t.me/s/migping,129,0,0
https://t.me/s/mikasavpn,5,0,0
https://t.me/s/mimitdl,111,13,0
https://t.me/s/miyanbor_vpn,146,1,0
https://t.me/s/mizbanv2ray,5,0,0
https://t.me/s/mobilinternet,5,0,0
https://t.me/s/mobsec,19,0,0
https://t.me/s/moein_insta,131,0,0
https://t.me/s/moft_vpn,178,0,0
https://t.me/s/moftinet,144,1,0
https://t.me/s/mr_vpn123,109,0,0
https://t.me/s/mrv2raay,110,15,0
https://t.me/s/mrv2ray,16,0,0
https://t.me/s/mrvpn1403,110,5,0
https://t.me/s/mso_666_baz,14,0,0
https://t.me/s/msv2flyng,5,0,0
https://t.me/s/msv2ray,151,0,0
https://t.me/s/msv2raynp,157,5,0
https://t.me/s/mt_team_iran,135,5,0
https://t.me/s/mtconfig,15,0,0
https://t.me/s/mtpproxy0098,185,0,0
https://t.me/s/mtproxy22_v2ray,110,0,0
https://t.me/s/mtpv2ray,115,1,0
https://t.me/s/murandepindao,110,0,0
https://t.me/s/mxv2ray,111,0,0
https://t.me/s/my_proxii,106,4,0
https://t.me/s/mypremium98,599,0,0
https://t.me/s/n2vpn,136,0,0
https://t.me/s/nameless255,5,0,0
https://t.me/s/napsternetvirani,118,5,0
https://t.me/s/nepo_v2ray,106,26,0
https://t.me/s/netaccount,116,0,0
https://t.me/s/netmaask,10,0,0
https://t.me/s/netmellianti,112,12,0
https://t.me/s/netspeedservice,56,4,0
https://t.me/s/network_cfz,5,0,0
https://t.me/s/networknim,9,0,0
https://t.me/s/new_mtproxi2,117,44,0
https://t.me/s/nicolv2ray,110,0,0
https://t.me/s/nim_vpn_ir,130,0,0
https://t.me/s/nitrovpne,5,0,0
https://t.me/s/node_collection,5,0,0
https://t.me/s/node_king,5,0,0
https://t.me/s/node_share,6,0,0
https://t.me/s/nodeseekc,157,0,0
https://t.me/s/nofilter_v2rayng,110,0,0
https://t.me/s/nofiltering2,131,28,0
https://t.me/s/noori_93,6,0,0
https://t.me/s/nordaccount1,156,0,0
https://t.me/s/novavpn1984,102,1,0
https://t.me/s/novinology,130,14,0
https://t.me/s/npv_v2ray,6,0,0
https://t.me/s/nt_safe,100,0,0
https://t.me/s/ntconfig,77,0,0
https://t.me/s/nufilter,148,0,0
https://t.me/s/nufilter2,52,6,0
https://t.me/s/oceanproo,5,0,0
https://t.me/s/ohvpn,185,1,0
https://t.me/s/oneclickvpnkeys,203,115,0
https://t.me/s/onessr,119,0,0
https://t.me/s/open_v2ray,40,3,0
https://t.me/s/optvpn,17,0,0
https://t.me/s/orb_daily,5,0,0
https://t.me/s/orb_irancell,5,0,0
https://t.me/s/orb_mci,5,0,0
https://t.me/s/orb_rightel,5,0,0
https://t.me/s/orb_vpn,5,0,0
https://t.me/s/outlineOpenKey,89,0,0
https://t.me/s/outline_ir,127,17,0
https://t.me/s/outline_oneclick1,9,0,0
https://t.me/s/outline_vpn,192,78,0
https://t.me/s/outlineiran,136,0,0
https://t.me/s/outlinev2rayng,37,0,0
https://t.me/s/outlinevpnofficial,184,0,0
https://t.me/s/ovpn2,133,3,0
https://t.me/s/oxidvip,5,0,0
https://t.me/s/oxir_vpn,92,9,0
https://t.me/s/oxnet_ir,97,8,0
https://t.me/s/pak4you,174,1,0
https://t.me/s/pardazeshvpn,120,1,0
https://t.me/s/parsashonam,140,11,0
https://t.me/s/payam_nsi,145,0,0
https://t.me/s/persian_proxy6,135,9,0
https://t.me/s/persianv2rayng,3,0,0
https://t.me/s/pgkj666,204,0,0
https://t.me/s/ph_onex,5,0,0
https://t.me/s/phiilshekn,101,2,0
https://t.me/s/piavpngo,105,11,0
https://t.me/s/pin_proxy,11,0,0
https://t.me/s/ping01pro,114,0,0
https://t.me/s/polproxy,10,0,0
https://t.me/s/ponv2ray,55,5,0
https://t.me/s/pov2ray,99,2,0
https://t.me/s/powerful1vpn,6,0,0
https://t.me/s/ppal03,208,40,0
https://t.me/s/premiumaccshoop,126,0,0
https://t.me/s/prim_vpn,158,0,0
https://t.me/s/private_access_guard_vpn,98,6,0
https://t.me/s/privatevpnn,6,0,0
https://t.me/s/privatevpns,144,0,0
https://t.me/s/pro_chaneel,149,2,0
https://t.me/s/programmer_best,167,0,0
https://t.me/s/proprojec,19,0,0
https://t.me/s/prossh,108,4,0
https://t.me/s/proxie,94,13,0
https://t.me/s/proxiiraniii,152,0,0
https://t.me/s/proxiteiegramm,5,0,0
https://t.me/s/proxy48,234,29,0
https://t.me/s/proxy_iranv2,5,0,0
https://t.me/s/proxy_mtm,187,59,0
https://t.me/s/proxy_mtproto_vpns_free,133,3,0
https://t.me/s/proxy_n1,64,16,0
https://t.me/s/proxy_sharing,5,0,0
https://t.me/s/proxy_speed,5,0,0
https://t.me/s/proxycityiran,123,0,0
https://t.me/s/proxydaemioutline,31,0,0
https://t.me/s/proxyfn,6,0,0
https://t.me/s/proxyforopeta,5,0,0
https://t.me/s/proxyirancel,106,6,0
https://t.me/s/proxyshareCN,101,0,19
https://t.me/s/proxystore11,125,3,0
https://t.me/s/proxysudo,126,3,0
https://t.me/s/proxyymeliii,148,0,0
https://t.me/s/prrofile_purple,174,16,0
https://t.me/s/public504,223,9,0
https://t.me/s/puni_shop_v2rayng,119,13,0
https://t.me/s/pydriclub,123,0,0
https://t.me/s/qeshmserver,183,9,0
https://t.me/s/qrv2ray,138,0,0
https://t.me/s/qun521,164,0,0
https://t.me/s/qv2raychannel,146,0,0
https://t.me/s/qwjhfx,386,0,0
https://t.me/s/radiofarex,5,0,0
https://t.me/s/rayanconf,129,122,0
https://t.me/s/raze_vpn,6,0,0
https://t.me/s/realvpnmaster,126,15,0
https://t.me/s/relaxv2ray,11,0,0
https://t.me/s/renetvpn,99,7,0
https://t.me/s/repairms,236,0,0
https://t.me/s/rez1vpn,180,61,0
https://t.me/s/rk_filtershekan,16,0,0
https://t.me/s/rk_filtershking,102,5,0
https://t.me/s/rnrifci,153,3,0
https://t.me/s/romax_vpn,3,0,0
https://t.me/s/royalping_ir,111,0,0
https://t.me/s/rxv2ray,119,16,0
https://t.me/s/s0013_Official,5,0,0
https://t.me/s/s0013_official,5,0,0
https://t.me/s/sabz_v2ray,5,0,0
https://t.me/s/saferoadnet,242,36,0
https://t.me/s/sajad_titan_s_t_n_v2ray,136,23,0
https://t.me/s/samiv2ray,123,5,0
https://t.me/s/satellitenewspersian,6,0,0
https://t.me/s/satoshivpn,134,7,0
https://t.me/s/savagev2ray,181,0,0
https://t.me/s/sayco_proxy,5,0,0
https://t.me/s/sdffnkl,194,0,0
https://t.me/s/selinc,120,2,0
https://t.me/s/sellvpniran1,5,0,0
https://t.me/s/server444,116,0,0
https://t.me/s/server_nekobox,5,0,0
https://t.me/s/servermomo,5,0,0
https://t.me/s/servernett,135,0,0
https://t.me/s/serversiran11,21,0,0
https://t.me/s/serverv2ray00,150,6,0
https://t.me/s/set_v2ray,107,3,0
https://t.me/s/seven_ping,123,0,0
https://t.me/s/shadow_v2ray,127,0,0
https://t.me/s/shadowproxy66,141,0,0
https://t.me/s/shadowsockskeys,172,0,0
https://t.me/s/shadowsocksm,123,21,0
https://t.me/s/shadowsocksshop,146,1,0
https://t.me/s/share_nodes,3,0,0
https://t.me/s/share_proxy_001,3,0,0
https://t.me/s/sharecentrepro,293,0,0
https://t.me/s/shconfig,96,13,0
https://t.me/s/shh_proxy,152,3,0
https://t.me/s/shopingv2ray,157,2,0
https://t.me/s/sinabigo,22,0,0
https://t.me/s/sitefilter,100,8,0
https://t.me/s/skivpn,121,1,0
https://t.me/s/snowguardvpn,93,3,0
https://t.me/s/sobi_vpn,199,12,0
https://t.me/s/sockcs_http,6,0,0
https://t.me/s/sockshttp_vpn,5,0,0
https://t.me/s/sourcefreefilter,165,2,0
https://t.me/s/spcware,202,0,0
https://t.me/s/speed_vpn70,5,0,0
https://t.me/s/speedconfig00,117,43,0
https://t.me/s/speedent_net,5,0,0
https://t.me/s/spikevpn,110,0,0
https://t.me/s/srcvpn,211,0,0
https://t.me/s/ssrList,239,0,0
https://t.me/s/ssrshares,5,0,0
https://t.me/s/suddaehi,11,0,0
https://t.me/s/superpinghub,105,0,0
https://t.me/s/suyucom,184,0,0
https://t.me/s/svnteam,133,0,0
https://t.me/s/tc_v2ray,170,8,0
https://t.me/s/teamvpnpro,144,3,0
https://t.me/s/tehranargo,101,10,0
https://t.me/s/tehranargo1,31,1,0
https://t.me/s/teiknovpn,5,0,0
https://t.me/s/telmavpn,88,2,0
https://t.me/s/tenzovpn,210,0,0
https://t.me/s/thunderv2ray,125,16,0
https://t.me/s/tiktok_proxy,3,0,0
https://t.me/s/timingvpn,185,0,0
https://t.me/s/tiny_vpn_official,177,0,0
https://t.me/s/titan_v2rayvpn,123,0,0
https://t.me/s/tls_v2ray,13,0,0
https://t.me/s/tmv2ray,155,0,0
https://t.me/s/top_vpn_chanel,12,0,0
https://t.me/s/topvpn02,145,4,0
https://t.me/s/torang_vpn,164,44,0
https://t.me/s/toyota_proxy,178,111,0
https://t.me/s/toyota_proxyyyy,180,101,0
https://t.me/s/trand_farsi,140,7,0
https://t.me/s/tunssh,105,1,0
https://t.me/s/turboo_server,124,6,0
https://t.me/s/tv2rayrr,76,80,0
https://t.me/s/tv_v2ray,148,20,0
https://t.me/s/u3ervpn,5,0,0
https://t.me/s/u_confingvpn,116,29,0
https://t.me/s/ultravpn_v2ray,5,0,0
https://t.me/s/univstar,99,2,0
https://t.me/s/unlimiteddev,119,0,0
https://t.me/s/uraniumvpn,5,0,0
https://t.me/s/v20reyng,16,0,0
https://t.me/s/v2Line,153,0,0
https://t.me/s/v2_Hub,6,0,0
https://t.me/s/v2_hub,6,0,0
https://t.me/s/v2_r_ayng,131,27,0
https://t.me/s/v2_team,155,0,0
https://t.me/s/v2ang,101,2,0
https://t.me/s/v2aryng_vpn,139,24,0
https://t.me/s/v2bamdad,308,0,0
https://t.me/s/v2boxng74,95,0,0
https://t.me/s/v2dotcom,110,0,0
https://t.me/s/v2fast100,109,0,0
https://t.me/s/v2fetch,142,2,0
https://t.me/s/v2fox_config,100,0,0
https://t.me/s/v2free666,5,0,0
https://t.me/s/v2gng,12,0,0
https://t.me/s/v2graphy,95,0,0
https://t.me/s/v2hamid,147,18,0
https://t.me/s/v2icy,133,0,0
https://t.me/s/v2line,153,0,0
https://t.me/s/v2list,239,0,0
https://t.me/s/v2logy,119,19,0
https://t.me/s/v2maxx,5,0,0
https://t.me/s/v2meowcf,119,7,0
https://t.me/s/v2mod,117,0,0
https://t.me/s/v2mystery,134,11,0
https://t.me/s/v2naptv,90,254,0
https://t.me/s/v2net_iran,119,22,0
https://t.me/s/v2org,173,4,0
https://t.me/s/v2pedia,106,0,0
https://t.me/s/v2ra2,186,4,0
https://t.me/s/v2raa_server,9,0,0
https://t.me/s/v2raand,104,0,0
https://t.me/s/v2raayngconfig,5,0,0
https://t.me/s/v2rabot,6,0,0
https://t.me/s/v2rang_255,5,0,0
https://t.me/s/v2range,119,4,0
https://t.me/s/v2rangkanal,5,0,0
https://t.me/s/v2raxx,112,0,0
https://t.me/s/v2ray009,107,11,0
https://t.me/s/v2ray03,118,1,8
https://t.me/s/v2ray16,123,0,0
https://t.me/s/v2ray1_ng,97,36,0
https://t.me/s/v2ray313,91,86,0
https://t.me/s/v2ray4free,109,41,0
https://t.me/s/v2ray851403,94,0,0
https://t.me/s/v2ray8x,5,0,0
https://t.me/s/v2ray96,5,0,0
https://t.me/s/v2rayNG_VPN,159,0,0
https://t.me/s/v2rayNG_VPNN,25,0,0
https://t.me/s/v2ray_8,61,0,0
https://t.me/s/v2ray_83,109,0,0
https://t.me/s/v2ray_alpha,177,8,0
https://t.me/s/v2ray_best,157,0,0
https://t.me/s/v2ray_best_iran,124,0,0
https://t.me/s/v2ray_cartel,112,0,0
https://t.me/s/v2ray_configs_pool,109,7,0
https://t.me/s/v2ray_custom,14,0,0
https://t.me/s/v2ray_donya,5,0,0
https://t.me/s/v2ray_fark,135,8,0
https://t.me/s/v2ray_fd,197,0,0
https://t.me/s/v2ray_for_free,118,11,0
https://t.me/s/v2ray_free_config,180,3,0
https://t.me/s/v2ray_freedomiran,5,0,0
https://t.me/s/v2ray_god,101,14,0
https://t.me/s/v2ray_helper,154,4,0
https://t.me/s/v2ray_inter,120,8,0
https://t.me/s/v2ray_ng,147,126,0
https://t.me/s/v2ray_nodes_free,5,0,0
https://t.me/s/v2ray_nonoal,5,0,0
https://t.me/s/v2ray_official,148,127,0
https://t.me/s/v2ray_one1,108,4,0
https://t.me/s/v2ray_onli,5,0,0
https://t.me/s/v2ray_outlinee,5,0,0
https://t.me/s/v2ray_outlineir,149,13,0
https://t.me/s/v2ray_phoenix,157,34,0
https://t.me/s/v2ray_pool,11,0,0
https://t.me/s/v2ray_pro_free,5,0,0
https://t.me/s/v2ray_raha,132,0,0
https://t.me/s/v2ray_reality_new,100,12,0
https://t.me/s/v2ray_rh,5,0,0
https://t.me/s/v2ray_rolly,108,0,0
https://t.me/s/v2ray_string,121,7,0
https://t.me/s/v2ray_sub_share,5,0,0
https://t.me/s/v2ray_swhil,127,55,0
https://t.me/s/v2ray_tunnel_plus,5,0,0
https://t.me/s/v2ray_txshop,166,0,0
https://t.me/s/v2ray_ty,130,109,0
https://t.me/s/v2ray_vme,6,0,0
https://t.me/s/v2ray_vmes,136,0,0
https://t.me/s/v2ray_vpn_free,113,0,0
https://t.me/s/v2ray_vpnalfa,110,0,0
https://t.me/s/v2ray_youtube,113,105,0
https://t.me/s/v2rayan,126,2,0
https://t.me/s/v2rayargon,143,0,0
https://t.me/s/v2rayarmy,20,0,0
https://t.me/s/v2rayaz,271,1,0
https://t.me/s/v2raybe,107,8,0
https://t.me/s/v2raybold,5,0,0
https://t.me/s/v2raybx,116,0,0
https://t.me/s/v2raycactus,6,0,0
https://t.me/s/v2raycollectordonate,5,0,0
https://t.me/s/v2raycrow,122,1,0
https://t.me/s/v2raycustomize,16,0,0
https://t.me/s/v2raydailyupdate,147,0,0
https://t.me/s/v2raydiyako,56,0,0
https://t.me/s/v2rayeservers,42,0,0
https://t.me/s/v2rayfa,11,0,0
https://t.me/s/v2rayfast,17,0,0
https://t.me/s/v2rayfast_7,137,0,0
https://t.me/s/v2rayfr,6,0,0
https://t.me/s/v2rayfree,133,3,0
https://t.me/s/v2rayfree1,131,2,0
https://t.me/s/v2rayhubvip,5,0,0
https://t.me/s/v2rayi_net,133,24,0
https://t.me/s/v2raying,155,0,0
https://t.me/s/v2rayip1,101,1,0
https://t.me/s/v2rayir1,11,0,0
https://t.me/s/v2rayland02,132,33,0
https://t.me/s/v2rayn_openavpn,6,0,0
https://t.me/s/v2rayn_red,5,0,0
https://t.me/s/v2rayn_store,5,0,0
https://t.me/s/v2rayng110n,95,0,0
https://t.me/s/v2rayng12023,135,0,0
https://t.me/s/v2rayng20000000,148,29,4
https://t.me/s/v2rayng3,147,126,0
https://t.me/s/v2rayng8833,5,0,0
https://t.me/s/v2rayng_81,127,8,0
https://t.me/s/v2rayng_channel_vpn,5,0,0
https://t.me/s/v2rayng_fast,148,59,0
https://t.me/s/v2rayng_ip,214,4,0
https://t.me/s/v2rayng_lion,5,0,0
https://t.me/s/v2rayng_my2,5,0,0
https://t.me/s/v2rayng_nv,5,0,0
https://t.me/s/v2rayng_ribvar,140,0,0
https://t.me/s/v2rayng_v,19,0,0
https://t.me/s/v2rayng_v2_ray,103,7,0
https://t.me/s/v2rayng_vpn,159,0,0
https://t.me/s/v2rayng_vpnn,25,0,0
https://t.me/s/v2rayng_vpnrog,5,0,0
https://t.me/s/v2rayngalpha,178,21,0
https://t.me/s/v2rayngalphagamer,179,21,0
https://t.me/s/v2rayngchaannel,193,7,0
https://t.me/s/v2rayngchannelll,179,0,0
https://t.me/s/v2rayngcloud,125,21,0
https://t.me/s/v2rayngco0,5,0,0
https://t.me/s/v2rayngconfiig,115,11,0
https://t.me/s/v2rayngconfings,140,32,0
https://t.me/s/v2rayngfast,120,18,0
https://t.me/s/v2rayngfreee,163,0,0
https://t.me/s/v2rayngg_iran,5,0,0
https://t.me/s/v2rayngim,5,0,0
https://t.me/s/v2rayngmat,10,0,0
https://t.me/s/v2rayngn,121,1,0
https://t.me/s/v2rayngninja,157,13,0
https://t.me/s/v2rayngprivate,3,0,0
https://t.me/s/v2rayngraisi,297,4,0
https://t.me/s/v2rayngrit,119,40,0
https://t.me/s/v2rayngrr13,127,1,0
https://t.me/s/v2rayngseven,82,3,0
https://t.me/s/v2rayngte,184,0,0
https://t.me/s/v2rayngtime,3,0,0
https://t.me/s/v2rayngup,125,8,0
https://t.me/s/v2rayngupp,3,0,0
https://t.me/s/v2rayngvpn,185,69,0
https://t.me/s/v2rayngvpn_1,98,10,0
https://t.me/s/v2rayngvpnn,87,0,0
https://t.me/s/v2rayngvvpn,133,17,0
https://t.me/s/v2raynplus,200,19,0
https://t.me/s/v2raynz,3,0,0
https://t.me/s/v2rayopen,149,11,0
https://t.me/s/v2raypanelhub,3,0,0
https://t.me/s/v2rayprooo,107,7,0
https://t.me/s/v2rayprotocol,137,0,0
https://t.me/s/v2raysaznv,3,0,0
https://t.me/s/v2rayshop_m,120,11,0
https://t.me/s/v2raytg,94,86,0
https://t.me/s/v2raytork,3,0,0
https://t.me/s/v2raytz,24,0,0
https://t.me/s/v2rayvmess,93,4,0
https://t.me/s/v2rayvpn009,123,19,0
https://t.me/s/v2rayvpn2,12,0,0
https://t.me/s/v2rayvpnchannel,142,0,0
https://t.me/s/v2rayvpnclub,126,34,0
https://t.me/s/v2rayvpnking0,5,0,0
https://t.me/s/v2rayweb,107,20,0
https://t.me/s/v2rayy_ir,21,1,0
https://t.me/s/v2rayy_vpn13,121,17,0
https://t.me/s/v2rayyngvpn,159,0,0
https://t.me/s/v2rayza,128,38,0
https://t.me/s/v2raz,125,10,0
https://t.me/s/v2rey_free_for_all,10,0,0
https://t.me/s/v2reyy,226,38,0
https://t.me/s/v2rez,167,0,0
https://t.me/s/v2roay,156,5,2
https://t.me/s/v2rplus,115,11,0
https://t.me/s/v2rray1_ng,5,0,0
https://t.me/s/v2rray_ng,94,7,0
https://t.me/s/v2ry_proxy,135,67,0
https://t.me/s/v2ryng01,148,0,0
https://t.me/s/v2ryorg,190,44,0
https://t.me/s/v2ryvip,128,61,0
https://t.me/s/v2safe,17,0,0
https://t.me/s/v2safee,94,4,0
https://t.me/s/v2sezar,150,3,0
https://t.me/s/v2shop2,79,0,0
https://t.me/s/v2vipchannel,5,0,0
https://t.me/s/v3410ray,5,0,0
https://t.me/s/v5ray_ng,119,0,0
https://t.me/s/v_2ray1,40,4,0
https://t.me/s/v_2rayngvpn,113,11,0
https://t.me/s/v_2rey,34,0,0
https://t.me/s/vboxpanel,119,16,0
https://t.me/s/vip_free_vpn02,5,0,0
https://t.me/s/vipnetmeli,113,6,0
https://t.me/s/vipserverstm,102,0,0
https://t.me/s/vipufovpn,96,5,0
https://t.me/s/vipv2rayngnp,164,0,0
https://t.me/s/vipv2rayngvip,5,0,0
https://t.me/s/vipv2rayvip,103,2,0
https://t.me/s/vipv2rey,95,36,0
https://t.me/s/vipvpn_v2ray,115,4,0
https://t.me/s/virapn,14,0,0
https://t.me/s/virav2ray,108,0,0
https://t.me/s/vistav2ray,98,26,0
https://t.me/s/vlees_v2rayng,5,0,0
https://t.me/s/vless_vmess,90,30,0
https://t.me/s/vlessconfig,127,16,0
https://t.me/s/vmess_ir,114,18,0
https://t.me/s/vmess_iran,265,0,0
https://t.me/s/vmess_tg,5,0,0
https://t.me/s/vmessiran,6,0,0
https://t.me/s/vmesskhodam,193,71,0
https://t.me/s/vmesskhodam_vip,103,26,0
https://t.me/s/vmessorg,150,11,0
https://t.me/s/vmessprotocol,118,4,0
https://t.me/s/vp22ray,139,11,0
https://t.me/s/vpidiamond,140,6,0
https://t.me/s/vplusvpn_free,17,0,0
https://t.me/s/vpn11_v2,5,0,0
https://t.me/s/vpn4ir_1,116,0,0
https://t.me/s/vpn880,172,0,0
https://t.me/s/vpn_098,5,0,0
https://t.me/s/vpn_3000,131,9,3
https://t.me/s/vpn_315,143,6,0
https://t.me/s/vpn_443,6,0,0
https://t.me/s/vpn_Nv1,5,0,0
https://t.me/s/vpn_amo,5,0,0
https://t.me/s/vpn_arta,145,0,0
https://t.me/s/vpn_azadi_2024,5,0,0
https://t.me/s/vpn_bal0uch,5,0,0
https://t.me/s/vpn_booth,5,0,0
https://t.me/s/vpn_connect,97,0,0
https://t.me/s/vpn_famous,28,0,0
https://t.me/s/vpn_gaming,106,0,0
https://t.me/s/vpn_gold_free_1,101,16,0
https://t.me/s/vpn_ioss,89,13,0
https://t.me/s/vpn_kanfik,150,32,0
https://t.me/s/vpn_mafia,119,0,0
https://t.me/s/vpn_mikey,143,9,0
https://t.me/s/vpn_nafas,6,0,0
https://t.me/s/vpn_node_share,5,0,0
https://t.me/s/vpn_ocean,218,9,0
https://t.me/s/vpn_room,157,22,0
https://t.me/s/vpn_shop_v1,101,2,0
https://t.me/s/vpn_storm,118,1,0
https://t.me/s/vpn_tehran,129,0,0
https://t.me/s/vpn_v2ra_ng,5,0,0
https://t.me/s/vpn_v2rang_box,8,0,0
https://t.me/s/vpn_v2rayng_gap,138,6,0
https://t.me/s/vpn_v2rayng_iran,5,0,0
https://t.me/s/vpn_vetiver,5,0,0
https://t.me/s/vpn_vip_nor,87,17,0
https://t.me/s/vpn_wedbaz2,164,4,0
https://t.me/s/vpn_whal,5,0,0
https://t.me/s/vpn_xw,5,0,0
https://t.me/s/vpn_zvpn,171,10,0
https://t.me/s/vpnafra,5,0,0
https://t.me/s/vpnaiden,128,57,0
https://t.me/s/vpnandroid2,29,0,0
https://t.me/s/vpnbigbang,111,0,0
https://t.me/s/vpnchina,5,0,0
https://t.me/s/vpnclick,124,0,0
https://t.me/s/vpncostume,130,5,0
https://t.me/s/vpncostumer,114,18,0
https://t.me/s/vpncustomize,165,0,0
https://t.me/s/vpned,158,0,0
https://t.me/s/vpnepic,104,3,0
https://t.me/s/vpnfail_v2ray,113,17,0
https://t.me/s/vpnfastservice,115,3,0
https://t.me/s/vpnfree,158,0,0
https://t.me/s/vpnfreeaccounts,5,0,0
https://t.me/s/vpnfreeramoo,5,0,0
https://t.me/s/vpngate_config,128,0,0
https://t.me/s/vpnhat,137,0,0
https://t.me/s/vpnhouse_official,147,1,0
https://t.me/s/vpnhub69,14,0,0
https://t.me/s/vpnkanfik,122,25,0
https://t.me/s/vpnkar,187,0,0
https://t.me/s/vpnkaro,10,0,0
https://t.me/s/vpnmasi,7,0,0
https://t.me/s/vpnmk1,118,4,0
https://t.me/s/vpnowl,135,8,0
https://t.me/s/vpnpacket,107,0,0
https://t.me/s/vpnplus100,106,0,0
https://t.me/s/vpnplusee_free,102,5,0
https://t.me/s/vpnpopular2023,122,3,0
https://t.me/s/vpnsal,123,0,0
https://t.me/s/vpnserver_tel,175,0,0
https://t.me/s/vpnserverrr,121,4,0
https://t.me/s/vpnshecan,139,0,0
https://t.me/s/vpnskyy,152,0,0
https://t.me/s/vpnsshocean,147,5,0
https://t.me/s/vpnstorefast,107,18,0
https://t.me/s/vpntrt,110,0,0
https://t.me/s/vpntwitt,68,0,0
https://t.me/s/vpnv2rayonline,97,11,0
https://t.me/s/vpnv2raytop,160,33,0
https://t.me/s/vpnvg,112,15,0
https://t.me/s/vpnwedbaz,13,0,0
https://t.me/s/vpnwlf,87,2,0
https://t.me/s/vpnworldone,5,0,0
https://t.me/s/vpnxyam_ir,112,2,0
https://t.me/s/vpnyes,6,0,0
https://t.me/s/vpray3,64,3,0
https://t.me/s/vtechno_vpn,5,0,0
https://t.me/s/vtworay_wolf,147,4,0
https://t.me/s/wancloudfa,132,0,0
https://t.me/s/wangcai_8,80,0,3
https://t.me/s/warphiddify,5,0,0
https://t.me/s/wbnet,85,0,0
https://t.me/s/wbrovers,61,7,0
https://t.me/s/wearestand,138,0,0
https://t.me/s/webhube,261,7,0
https://t.me/s/webovpn,159,0,0
https://t.me/s/webrovers,199,0,0
https://t.me/s/webshecan,131,13,0
https://t.me/s/weepeen,189,0,0
https://t.me/s/white_servers_turkmenistan,5,0,0
https://t.me/s/wizyvpn,5,0,0
https://t.me/s/womanlifefreedom13,123,2,0
https://t.me/s/womanlifefreedomvpn,94,0,0
https://t.me/s/world_vmess,131,11,0
https://t.me/s/wsbvpn,121,0,0
https://t.me/s/wxdy666,224,5,0
https://t.me/s/wxgmrjdcc,84,0,0
https://t.me/s/wxgqlfx,229,0,0
https://t.me/s/x4azadi,121,28,0
https://t.me/s/xiaobaicaifx,5,0,0
https://t.me/s/xiaoxinv,163,0,0
https://t.me/s/xiv2ray,98,0,0
https://t.me/s/xivpn,19,0,0
https://t.me/s/xnxv2ray,105,16,0
https://t.me/s/xray_vpn_pro,5,0,0
https://t.me/s/xrayzxn,108,3,0
https://t.me/s/xvproxy,6,0,0
https://t.me/s/yaney_01,111,0,0
https://t.me/s/yangcun68,5,0,0
https://t.me/s/yasv2ray,120,2,0
https://t.me/s/yekoyekvpn,132,1,0
https://t.me/s/ys_v2ray,5,0,0
https://t.me/s/ytte3la,5,0,0
https://t.me/s/yuproxytelegram,114,1,0
https://t.me/s/yxjnode,91,0,0
https://t.me/s/zabuza_shop,121,0,0
https://t.me/s/zar_vpn,97,0,0
https://t.me/s/zdyz2,141,9,0
https://t.me/s/zede_filteri,142,21,0
https://t.me/s/zedmodeonvpn,195,0,0
https://t.me/s/zedping,115,0,0
https://t.me/s/zen_cloud,21,0,0
https://t.me/s/zerobaipiao,133,0,0
https://t.me/s/zeynabghatee,5,0,0
https://t.me/s/zibanabz,133,1,0
https://t.me/s/zilatvpn,109,2,0
https://t.me/s/zqfxpd,5,0,0
https://t.me/s/zvpnn,124,37,0
https://t.me/s/zyfxlnn,7,0,0
https://t.me/s/t.meSR_V2RAY_Clash,6,0,0
https://t.me/s/t.mechpd,6,0,0
https://t.me/s/t.meerveruniverse,6,0,0
https://t.me/s/t.meharecentrepro,6,0,0
https://t.me/s/t.mes_v2ray_ssr_clash,6,0,0
https://t.me/s/t.mesr_clash_v2ray,6,0,0
https://t.me/s/t.meub_share_center,6,0,0
